Title	Beta
-	0.6252875666170913
Jaws (1975)	0.6374006494285229
English Patient, The (1996)	0.6552269665127084
Jackal, The (1997)	0.6843342480418814
Devil's Own, The (1997)	0.7407293604006182
Wings of the Dove, The (1997)	0.8932074292416351
Jurassic Park (1993)	0.9038202054355146
Broken Arrow (1996)	0.9196636311489625
Get Shorty (1995)	0.9458541022300698
Peacemaker, The (1997)	0.9970591440959669
Brassed Off (1996)	1.139946979100705